{
    "name": "Expression Heatmap",
    "tags": [
        "Bio",
        "Analysis",
        "Plot"
    ],
    "args": {
        "file_gene": {
            "name": "画图gene",
            "doc": "需要画热图的基因，文件内每一行为一个基因",
            "required": true,
            "attrs": {
                "Path": {
                    "multi": false,
                    "is_dir": false
                }
            }
        },
        "file_exp": {
            "name": "表达矩阵",
            "doc": "基因表达矩阵，每一行是一个基因，每一列是一个样本。多个文件自动根据基因合并",
            "required": true,
            "attrs": {
                "Path": {
                    "multi": true,
                    "is_dir": false
                }
            }
        },
        "sample_order": {
            "name": "样本顺序",
            "doc": "需要画热图的样本顺序，不提供则使用所有样本并自动排序",
            "required": false,
            "attrs": {
                "Select": {
                    "min": 1,
                    "max": 100,
                    "custom": true,
                    "kv": {}
                }
            }
        },
        "palette": {
            "name": "色轴",
            "doc": "色轴颜色",
            "required": true,
            "attrs": {
                "Select": {
                    "default": [
                        "lightblue",
                        "#c3e2a7",
                        "red"
                    ],
                    "min": 1,
                    "max": 100,
                    "custom": true,
                    "kv": {}
                }
            }
        }
    }
}