{
    "name": "批量重命名",
    "tags": [
        "Tool"
    ],
    "args": {
        "rule_replace": {
            "name": "重命名规则",
            "doc": "重命名规则。一共有偶数个，每两个为一组。单数是需要去除的内容，偶数是被替换成为的内容",
            "required": true,
            "attrs": {
                "Select": {
                    "min": 1,
                    "max": 100,
                    "custom": true,
                    "kv": {}
                }
            }
        },
        "use_regex": {
            "name": "使用正则",
            "doc": "使用正则进行替换，否则只把替换的数据当作普通字符",
            "required": true,
            "attrs": {
                "Select": {
                    "default": [
                        "true"
                    ],
                    "min": 1,
                    "max": 1,
                    "custom": false,
                    "kv": {
                        "true": "是",
                        "false": "否"
                    }
                }
            }
        },
        "include_others": {
            "name": "包含未命名文件",
            "doc": "不参与命名（不符合重命名规则）的文件是否也创建软链接（为了保持文件夹结构，防止部分文件丢失）",
            "required": true,
            "attrs": {
                "Select": {
                    "default": [
                        "true"
                    ],
                    "min": 1,
                    "max": 1,
                    "custom": false,
                    "kv": {
                        "true": "是",
                        "false": "否"
                    }
                }
            }
        },
        "flatten_dir": {
            "name": "去除各级目录",
            "doc": "去除各级目录，将所有结果文件放在同一个文件夹",
            "required": true,
            "attrs": {
                "Select": {
                    "default": [
                        "false"
                    ],
                    "min": 1,
                    "max": 1,
                    "custom": false,
                    "kv": {
                        "true": "是",
                        "false": "否"
                    }
                }
            }
        },
        "dir_file": {
            "name": "重命名文件夹",
            "doc": "需要命名的文件所在的文件夹",
            "required": true,
            "attrs": {
                "Path": {
                    "multi": false,
                    "is_dir": true
                }
            }
        }
    }
}