{
    "name": "等待运行",
    "tags": [
        "Tool"
    ],
    "args": {
        "cmd_run": {
            "name": "运行命令",
            "doc": "需要运行的命令",
            "required": true,
            "attrs": {
                "String": {
                    "min": 1,
                    "max": 1000,
                    "multi": true
                }
            }
        },
        "exe_wait": {
            "name": "等待程序",
            "doc": "等待完成的程序名字",
            "required": true,
            "attrs": {
                "String": {
                    "min": 1,
                    "max": 1000,
                    "multi": false
                }
            }
        },
        "time_gap": {
            "name": "刷新间隔",
            "doc": "每隔多少秒扫描进程",
            "required": true,
            "attrs": {
                "NumberInt": {
                    "default": 600,
                    "min": 1,
                    "max": 259200,
                    "unit": 1
                }
            }
        }
    }
}