{
    "name": "gene regions",
    "tags": [
        "Bio",
        "Analysis",
        "Gene"
    ],
    "args": {
        "file_genes": {
            "name": "基因列表",
            "doc": "文件内每行表示一个基因symbol",
            "required": true,
            "attrs": {
                "Path": {
                    "multi": true,
                    "is_dir": true
                }
            }
        },
        "genome": {
            "name": "基因组",
            "doc": "基因组版本",
            "required": true,
            "attrs": {
                "Select": {
                    "min": 1,
                    "max": 1,
                    "custom": true,
                    "kv": {
                        "mm10.GENECODE": "小鼠(mm10, GENECODE)"
                    }
                }
            }
        }
    }
}