{
    "name": "Region Specific",
    "tags": [
        "Bio",
        "Analysis",
        "Region"
    ],
    "args": {
        "palette": {
            "name": "色轴",
            "doc": "色轴颜色",
            "required": true,
            "attrs": {
                "Select": {
                    "default": [
                        "lightblue",
                        "#c3e2a7",
                        "red"
                    ],
                    "min": 1,
                    "max": 100,
                    "custom": true,
                    "kv": {}
                }
            }
        },
        "region_names": {
            "name": "类别名字",
            "doc": "每类regin的名字，每行为一个name，对应每个bed文件，不提供为自动根据bed文件命名，利用.-_等分隔，去除前后相同的，即为名字",
            "required": false,
            "attrs": {
                "Select": {
                    "min": 1,
                    "max": 100,
                    "custom": true,
                    "kv": {}
                }
            }
        },
        "name_align": {
            "name": "标准类别",
            "doc": "以某一类region为标准，其余的做对比。不提供标准region则需要只有两类region，相互对比",
            "required": false,
            "attrs": {
                "String": {
                    "min": 1,
                    "max": 100,
                    "multi": false
                }
            }
        },
        "title": {
            "name": "结果名字",
            "doc": "结果名字，不提供则自动根据类别名字计算",
            "required": false,
            "attrs": {
                "String": {
                    "min": 1,
                    "max": 100,
                    "multi": false
                }
            }
        },
        "calc_cor": {
            "name": "计算相关性",
            "doc": "是否计算相关性，根据peak计算bw的相关性",
            "required": true,
            "attrs": {
                "Select": {
                    "default": [
                        "true"
                    ],
                    "min": 1,
                    "max": 1,
                    "custom": false,
                    "kv": {
                        "true": "是",
                        "false": "否"
                    }
                }
            }
        },
        "file_beds": {
            "name": "Bed文件",
            "doc": "计算的Bed文件",
            "required": true,
            "attrs": {
                "Path": {
                    "multi": true,
                    "is_dir": false
                }
            }
        },
        "file_summits": {
            "name": "Summit文件",
            "doc": "计算的Bed文件对应的summits文件，两个region直接对比时，提供summit文件时用summit对齐",
            "required": false,
            "attrs": {
                "Path": {
                    "multi": true,
                    "is_dir": false
                }
            }
        },
        "file_bws": {
            "name": "Bw文件",
            "doc": "计算的Bed文件对应的BigWig文件，不提供则不计算信号值相关的数据",
            "required": false,
            "attrs": {
                "Path": {
                    "multi": true,
                    "is_dir": false
                }
            }
        }
    }
}