{
    "name": "ATAC OCCO",
    "tags": [
        "Bio",
        "Analysis",
        "ATAC-seq"
    ],
    "args": {
        "remove_cluster": {
            "name": "隐藏类别",
            "doc": "需要在结果内去除的类别，比如OC1",
            "required": false,
            "attrs": {
                "Select": {
                    "min": 1,
                    "max": 100,
                    "custom": true,
                    "kv": {}
                }
            }
        },
        "remove_motifs": {
            "name": "隐藏Motif",
            "doc": "需要在结果内去除的Motif，如NF1:FOXA1(CTF,Forkhead)",
            "required": false,
            "attrs": {
                "Select": {
                    "min": 1,
                    "max": 100,
                    "custom": true,
                    "kv": {}
                }
            }
        },
        "first_important": {
            "name": "第一个是处理组",
            "doc": "是否metadata内第一个tag_group是处理组，否则的话第一个为对照组",
            "required": true,
            "attrs": {
                "Select": {
                    "default": [
                        "true"
                    ],
                    "min": 1,
                    "max": 1,
                    "custom": false,
                    "kv": {
                        "true": "是",
                        "false": "否"
                    }
                }
            }
        },
        "file_meta": {
            "name": "样本meta",
            "doc": "样本metadata，里面有三列，sample/tag_time/tag_group，tag_group限制两类，每一类的tag_time的数量及顺序需要相同",
            "required": true,
            "attrs": {
                "Path": {
                    "multi": false,
                    "is_dir": false
                }
            }
        },
        "dir_bw": {
            "name": "Bw文件夹",
            "doc": "BigWig文件所在的文件夹",
            "required": true,
            "attrs": {
                "Path": {
                    "multi": true,
                    "is_dir": true
                }
            }
        },
        "dir_peak": {
            "name": "Peak文件夹",
            "doc": "peak文件所在的文件夹",
            "required": true,
            "attrs": {
                "Path": {
                    "multi": true,
                    "is_dir": true
                }
            }
        },
        "ext_summit": {
            "name": "Summit文件后缀",
            "doc": "Summit文件后缀，比如.e5_summits",
            "required": true,
            "attrs": {
                "String": {
                    "default": ".e5_summits",
                    "min": 1,
                    "max": 20,
                    "multi": false
                }
            }
        },
        "ext_peak": {
            "name": "Peak文件后缀",
            "doc": "Peak文件后缀，比如.e5_peaks",
            "required": true,
            "attrs": {
                "String": {
                    "default": ".e5_peaks",
                    "min": 1,
                    "max": 20,
                    "multi": false
                }
            }
        },
        "genome": {
            "name": "基因组",
            "doc": "基因组版本",
            "required": true,
            "attrs": {
                "Select": {
                    "min": 1,
                    "max": 1,
                    "custom": true,
                    "kv": {
                        "mm10.GENECODE": "小鼠(mm10, GENECODE)"
                    }
                }
            }
        }
    }
}