{
    "name": "Correlation Seurat",
    "tags": [
        "Bio",
        "Analysis",
        "RNA-seq"
    ],
    "args": {
        "file_counts": {
            "name": "表达矩阵counts",
            "doc": "基因表达矩阵counts文件，第一列为gene_symbol，其余列为样本。如果输入多个则自动进行合并",
            "required": true,
            "attrs": {
                "Path": {
                    "multi": true,
                    "is_dir": false
                }
            }
        },
        "file_meta": {
            "name": "meta文件",
            "doc": "metadata的excel文件，存在experiment、sample和tag三列",
            "required": true,
            "attrs": {
                "Path": {
                    "multi": false,
                    "is_dir": false
                }
            }
        },
        "palette": {
            "name": "色轴",
            "doc": "色轴颜色",
            "required": true,
            "attrs": {
                "Select": {
                    "default": [
                        "#CE0013",
                        "#16557A",
                        "#C7A609",
                        "#87C232",
                        "#008792",
                        "#A14C94",
                        "#15A08C",
                        "#8B7E75",
                        "#1E7CAF",
                        "#46489A",
                        "#0F231F",
                        "#1187CD",
                        "#b7704f",
                        "#596032",
                        "#2570a1",
                        "#281f1d",
                        "#de773f",
                        "#525f42",
                        "#2585a6",
                        "#2f271d",
                        "#c99979",
                        "#5f5d46",
                        "#1b315e",
                        "#1d1626",
                        "#16557A",
                        "#C7A609",
                        "#87C232",
                        "#008792",
                        "#A14C94",
                        "#15A08C",
                        "#8B7E75"
                    ],
                    "min": 1,
                    "max": 100,
                    "custom": true,
                    "kv": {}
                }
            }
        }
    }
}