{
    "name": "Region Motif From Peak",
    "tags": [
        "Bio",
        "Analysis",
        "Region"
    ],
    "args": {
        "genome": {
            "name": "基因组",
            "doc": "基因组版本",
            "required": true,
            "attrs": {
                "Select": {
                    "min": 1,
                    "max": 1,
                    "custom": true,
                    "kv": {
                        "mm10.GENECODE": "小鼠(mm10, GENECODE)"
                    }
                }
            }
        },
        "samples": {
            "name": "样本列表",
            "doc": "需要计算的样本列表，每行一个样本名字，样本名字为文件名字内“Peak文件后缀”前的部分",
            "required": true,
            "attrs": {
                "Select": {
                    "min": 1,
                    "max": 100,
                    "custom": true,
                    "kv": {}
                }
            }
        },
        "extend_bp": {
            "name": "Summit扩大BP",
            "doc": "summit左右分别扩大多少BP计算Motif",
            "required": true,
            "attrs": {
                "NumberInt": {
                    "default": 25,
                    "min": 0,
                    "max": 100000,
                    "unit": 1
                }
            }
        },
        "ext_summit": {
            "name": "Summit文件后缀",
            "doc": "Summit文件后缀，比如.e5_summits",
            "required": true,
            "attrs": {
                "String": {
                    "default": ".e5_summits",
                    "min": 1,
                    "max": 20,
                    "multi": false
                }
            }
        },
        "ext_peak": {
            "name": "Peak文件后缀",
            "doc": "Peak文件后缀，比如.e5_peaks",
            "required": true,
            "attrs": {
                "String": {
                    "default": ".e5_peaks",
                    "min": 1,
                    "max": 20,
                    "multi": false
                }
            }
        },
        "remove_motifs": {
            "name": "隐藏Motif",
            "doc": "需要在结果内去除的Motif，如NF1:FOXA1(CTF,Forkhead)",
            "required": false,
            "attrs": {
                "Select": {
                    "min": 1,
                    "max": 100,
                    "custom": true,
                    "kv": {}
                }
            }
        },
        "motif_length": {
            "name": "Motif长度",
            "doc": "需要查找的Motif长度",
            "required": true,
            "attrs": {
                "Select": {
                    "default": [
                        "8",
                        "10",
                        "12"
                    ],
                    "min": 1,
                    "max": 100,
                    "custom": true,
                    "kv": {}
                }
            }
        },
        "cutoff_log10_pval": {
            "name": "数据阈值-log10(pval)",
            "doc": "数据阈值-log10(pval)，决定数据是否画图展示，pval表示找到的该motif是否可信",
            "required": true,
            "attrs": {
                "NumberFloat": {
                    "default": 5.0,
                    "min": 0.1,
                    "max": 20.0,
                    "unit": 0.1
                }
            }
        },
        "cutoff_log10_pval_star": {
            "name": "星号阈值-log10(pval)",
            "doc": "星号阈值-log10(pval)，决定数据是否画图时标注星号，pval表示找到的该motif是否可信",
            "required": true,
            "attrs": {
                "NumberFloat": {
                    "default": 5.0,
                    "min": 0.1,
                    "max": 20.0,
                    "unit": 0.1
                }
            }
        },
        "cutoff_ratio": {
            "name": "数据阈值ratio",
            "doc": "数据阈值ratio，决定数据是否画图展示，ratio表示motif是否特异，即 % of Targets / % of Background",
            "required": true,
            "attrs": {
                "NumberFloat": {
                    "default": 2.0,
                    "min": 0.1,
                    "max": 20.0,
                    "unit": 0.1
                }
            }
        },
        "cutoff_ratio_star": {
            "name": "星号阈值ratio",
            "doc": "星号阈值ratio，决定数据是否画图时标注星号，ratio表示motif是否特异，即 % of Targets / % of Background",
            "required": true,
            "attrs": {
                "NumberFloat": {
                    "default": 3.0,
                    "min": 0.1,
                    "max": 20.0,
                    "unit": 0.1
                }
            }
        },
        "dir_peaks": {
            "name": "Peak文件夹",
            "doc": "peak文件所在的文件夹，里面包含成对的peak和summit文件",
            "required": true,
            "attrs": {
                "Path": {
                    "multi": true,
                    "is_dir": true
                }
            }
        }
    }
}