{
    "name": "Correlation Python",
    "tags": [
        "Bio",
        "Analysis",
        "RNA-seq"
    ],
    "args": {
        "file_genes": {
            "name": "相关性gene",
            "doc": "利用给定的基因计算相关性，每个txt文件为一个基因列表，文件每行一个基因",
            "required": false,
            "attrs": {
                "Path": {
                    "multi": true,
                    "is_dir": false
                }
            }
        },
        "file_exp": {
            "name": "表达矩阵",
            "doc": "基因表达矩阵，每一行是一个基因，每一列是一个样本。多个文件自动根据基因合并。如果是transcript fpkm时，前几列为chr、strand、start、end、refseq、num_exons、length、gene_symbol。genesymbol_fpkm时第一列为gene_symbol",
            "required": true,
            "attrs": {
                "Path": {
                    "multi": true,
                    "is_dir": false
                }
            }
        },
        "file_meta": {
            "name": "meta文件",
            "doc": "metadata的excel文件，存在experiment、sample和tag三列",
            "required": true,
            "attrs": {
                "Path": {
                    "multi": false,
                    "is_dir": false
                }
            }
        },
        "sample_order": {
            "name": "样本顺序",
            "doc": "相关性热图内的样本顺序，不提供则使用所有样本并自动排序",
            "required": false,
            "attrs": {
                "Select": {
                    "min": 1,
                    "max": 100,
                    "custom": true,
                    "kv": {}
                }
            }
        },
        "palette": {
            "name": "色轴",
            "doc": "色轴颜色",
            "required": true,
            "attrs": {
                "Select": {
                    "default": [
                        "#CE0013",
                        "#16557A",
                        "#C7A609",
                        "#87C232",
                        "#008792",
                        "#A14C94",
                        "#15A08C",
                        "#8B7E75",
                        "#1E7CAF",
                        "#46489A",
                        "#0F231F",
                        "#1187CD",
                        "#b7704f",
                        "#596032",
                        "#2570a1",
                        "#281f1d",
                        "#de773f",
                        "#525f42",
                        "#2585a6",
                        "#2f271d",
                        "#c99979",
                        "#5f5d46",
                        "#1b315e",
                        "#1d1626",
                        "#16557A",
                        "#C7A609",
                        "#87C232",
                        "#008792",
                        "#A14C94",
                        "#15A08C",
                        "#8B7E75"
                    ],
                    "min": 1,
                    "max": 100,
                    "custom": true,
                    "kv": {}
                }
            }
        }
    }
}