{
    "name": "enrichment plot",
    "tags": [
        "Bio",
        "Analysis",
        "Plot"
    ],
    "args": {
        "file_term": {
            "name": "画图term",
            "doc": "txt文件，里面每一行为一个需要的term",
            "required": true,
            "attrs": {
                "Path": {
                    "multi": true,
                    "is_dir": false
                }
            }
        },
        "file_enrich": {
            "name": "富集结果",
            "doc": "富集分析结果数据如KEGGTerms.txt",
            "required": true,
            "attrs": {
                "Path": {
                    "multi": false,
                    "is_dir": false
                }
            }
        }
    }
}