{
    "name": "Region Specific WithRep",
    "tags": [
        "Bio",
        "Analysis",
        "Region"
    ],
    "args": {
        "cutoff": {
            "name": "合并阈值",
            "doc": "合并重复时，重复region的百分比阈值。即在所有样本内的比例超过一定阈值才算Specific",
            "required": true,
            "attrs": {
                "NumberInt": {
                    "default": 20,
                    "min": 0,
                    "max": 100,
                    "unit": 1
                }
            }
        },
        "file_meta": {
            "name": "Meta文件",
            "doc": "每类样本的bed文件路径。excel文件，存在tag、file两列。tag为样本标签，file为对应标签的bed文件。tag标签只能有两类。",
            "required": true,
            "attrs": {
                "Path": {
                    "multi": false,
                    "is_dir": false
                }
            }
        }
    }
}