{
    "name": "Region Motif",
    "tags": [
        "Bio",
        "Analysis",
        "Region"
    ],
    "args": {
        "genome": {
            "name": "基因组",
            "doc": "基因组版本",
            "required": true,
            "attrs": {
                "Select": {
                    "min": 1,
                    "max": 1,
                    "custom": true,
                    "kv": {
                        "mm10.GENECODE": "小鼠(mm10, GENECODE)"
                    }
                }
            }
        },
        "remove_motifs": {
            "name": "隐藏Motif",
            "doc": "需要在结果内去除的Motif，如NF1:FOXA1(CTF,Forkhead)",
            "required": false,
            "attrs": {
                "Select": {
                    "min": 1,
                    "max": 100,
                    "custom": true,
                    "kv": {}
                }
            }
        },
        "motif_length": {
            "name": "Motif长度",
            "doc": "需要查找的Motif长度",
            "required": true,
            "attrs": {
                "Select": {
                    "default": [
                        "8",
                        "10",
                        "12"
                    ],
                    "min": 1,
                    "max": 100,
                    "custom": true,
                    "kv": {}
                }
            }
        },
        "cutoff_log10_pval": {
            "name": "数据阈值-log10(pval)",
            "doc": "数据阈值-log10(pval)，决定数据是否画图展示，pval表示找到的该motif是否可信",
            "required": true,
            "attrs": {
                "NumberFloat": {
                    "default": 5.0,
                    "min": 0.1,
                    "max": 20.0,
                    "unit": 0.1
                }
            }
        },
        "cutoff_log10_pval_star": {
            "name": "星号阈值-log10(pval)",
            "doc": "星号阈值-log10(pval)，决定数据是否画图时标注星号，pval表示找到的该motif是否可信",
            "required": true,
            "attrs": {
                "NumberFloat": {
                    "default": 5.0,
                    "min": 0.1,
                    "max": 20.0,
                    "unit": 0.1
                }
            }
        },
        "cutoff_ratio": {
            "name": "数据阈值ratio",
            "doc": "数据阈值ratio，决定数据是否画图展示，ratio表示motif是否特异，即 % of Targets / % of Background",
            "required": true,
            "attrs": {
                "NumberFloat": {
                    "default": 2.0,
                    "min": 0.1,
                    "max": 20.0,
                    "unit": 0.1
                }
            }
        },
        "cutoff_ratio_star": {
            "name": "星号阈值ratio",
            "doc": "星号阈值ratio，决定数据是否画图时标注星号，ratio表示motif是否特异，即 % of Targets / % of Background",
            "required": true,
            "attrs": {
                "NumberFloat": {
                    "default": 3.0,
                    "min": 0.1,
                    "max": 20.0,
                    "unit": 0.1
                }
            }
        },
        "file_beds": {
            "name": "Bed文件",
            "doc": "查找motif的bed文件",
            "required": true,
            "attrs": {
                "Path": {
                    "multi": true,
                    "is_dir": false
                }
            }
        }
    }
}