{
    "name": "Download From GEO",
    "tags": [
        "Bio",
        "Data"
    ],
    "args": {
        "file_id": {
            "name": "GEO_ID文件",
            "doc": "文件内为需要下载的GSM_ID或GSE_ID，每行一个GSM_ID/GSE_ID。下载fastq文件时，每一行的GSM_ID/GSE_ID后可以增加一列（利用制表符分隔开）作为样本文件名称",
            "required": true,
            "attrs": {
                "Path": {
                    "multi": false,
                    "is_dir": false
                }
            }
        },
        "download_type": {
            "name": "数据类型",
            "doc": "需要下载的数据类型",
            "required": true,
            "attrs": {
                "Select": {
                    "default": [
                        "fastq"
                    ],
                    "min": 1,
                    "max": 1,
                    "custom": true,
                    "kv": {
                        "fastq": "Fastq",
                        "file": "SupplementaryFiles"
                    }
                }
            }
        }
    }
}