{
    "name": "西湖大学新闻",
    "tags": [
        "Spider"
    ],
    "args": {
        "receiver_email": {
            "name": "接受邮箱",
            "doc": "通知发送到该邮箱",
            "required": false,
            "attrs": {
                "Select": {
                    "min": 1,
                    "max": 100,
                    "custom": true,
                    "kv": {}
                }
            }
        },
        "sender_email": {
            "name": "邮箱账号",
            "doc": "通过该邮箱发送邮件",
            "required": false,
            "attrs": {
                "String": {
                    "min": 1,
                    "max": 1000,
                    "multi": false
                }
            }
        },
        "password": {
            "name": "邮箱密码",
            "doc": "通过该邮箱发送邮件",
            "required": false,
            "attrs": {
                "String": {
                    "min": 1,
                    "max": 1000,
                    "multi": false
                }
            }
        },
        "smtp_server": {
            "name": "邮箱STMP地址",
            "doc": "通过该邮箱发送邮件",
            "required": false,
            "attrs": {
                "String": {
                    "min": 1,
                    "max": 1000,
                    "multi": false
                }
            }
        },
        "smtp_port": {
            "name": "邮箱STMP端口",
            "doc": "通过该邮箱发送邮件",
            "required": false,
            "attrs": {
                "NumberInt": {
                    "default": 465,
                    "min": 1,
                    "max": 65535,
                    "unit": 1
                }
            }
        },
        "access_token": {
            "name": "钉钉机器人token",
            "doc": "通过钉钉机器人提醒，设置机器人access_token，并将机器人安全设置设置为IP白名单",
            "required": false,
            "attrs": {
                "String": {
                    "min": 1,
                    "max": 1000,
                    "multi": false
                }
            }
        }
    }
}