{
    "name": "Cluster K-Means",
    "tags": [
        "Bio",
        "Analysis",
        "RNA-seq"
    ],
    "args": {
        "file_table": {
            "name": "表格数据",
            "doc": "需要聚类的数据文件，除了第一列，其余列为样本。如果输入多个则根据第一列自动进行合并",
            "required": true,
            "attrs": {
                "Path": {
                    "multi": true,
                    "is_dir": false
                }
            }
        },
        "file_meta": {
            "name": "meta文件",
            "doc": "样本metadata，里面有三列，sample/tag_time/tag_group，tag_group为每一类处理，每一类的tag_time的数量及顺序需要相同",
            "required": true,
            "attrs": {
                "Path": {
                    "multi": false,
                    "is_dir": false
                }
            }
        },
        "zscore": {
            "name": "数据zscore",
            "doc": "数据是否需要进行Z-Score",
            "required": true,
            "attrs": {
                "Select": {
                    "default": [
                        "true"
                    ],
                    "min": 1,
                    "max": 1,
                    "custom": false,
                    "kv": {
                        "true": "是",
                        "false": "否"
                    }
                }
            }
        },
        "log2": {
            "name": "数据log2",
            "doc": "数据是否需要进行log2(data+1)",
            "required": true,
            "attrs": {
                "Select": {
                    "default": [
                        "true"
                    ],
                    "min": 1,
                    "max": 1,
                    "custom": false,
                    "kv": {
                        "true": "是",
                        "false": "否"
                    }
                }
            }
        },
        "n_clusters": {
            "name": "类别数量",
            "doc": "需要聚为多少个类别",
            "required": true,
            "attrs": {
                "NumberInt": {
                    "default": 10,
                    "min": 1,
                    "max": 100,
                    "unit": 1
                }
            }
        },
        "method": {
            "name": "聚类阈值方法",
            "doc": "聚类阈值的三种方法: cos(cos) eu(euclidean metriccor) cor(pearson correlation)",
            "required": true,
            "attrs": {
                "Select": {
                    "default": [
                        "eu"
                    ],
                    "min": 1,
                    "max": 1,
                    "custom": false,
                    "kv": {
                        "eu": "欧式距离",
                        "cor": "皮尔逊相关系数",
                        "cos": "余弦相关性"
                    }
                }
            }
        },
        "palette": {
            "name": "色轴",
            "doc": "色轴颜色",
            "required": true,
            "attrs": {
                "Select": {
                    "default": [
                        "#CE0013",
                        "#16557A",
                        "#C7A609",
                        "#87C232",
                        "#008792",
                        "#A14C94",
                        "#15A08C",
                        "#8B7E75",
                        "#1E7CAF",
                        "#46489A",
                        "#0F231F",
                        "#1187CD",
                        "#b7704f",
                        "#596032",
                        "#2570a1",
                        "#281f1d",
                        "#de773f",
                        "#525f42",
                        "#2585a6",
                        "#2f271d",
                        "#c99979",
                        "#5f5d46",
                        "#1b315e",
                        "#1d1626",
                        "#16557A",
                        "#C7A609",
                        "#87C232",
                        "#008792",
                        "#A14C94",
                        "#15A08C",
                        "#8B7E75"
                    ],
                    "min": 1,
                    "max": 100,
                    "custom": true,
                    "kv": {}
                }
            }
        }
    }
}