{
    "name": "CallPeak After MergeBam",
    "tags": [
        "Bio",
        "Preprocessing"
    ],
    "args": {
        "sample_name": {
            "name": "样本名字",
            "doc": "合并后的样本名字",
            "required": true,
            "attrs": {
                "String": {
                    "min": 1,
                    "max": 20,
                    "multi": false
                }
            }
        },
        "file_bam": {
            "name": "Bam文件",
            "doc": "需要合并的bam文件",
            "required": true,
            "attrs": {
                "Path": {
                    "multi": true,
                    "is_dir": false
                }
            }
        },
        "shiftsize": {
            "name": "Peak位移大小",
            "doc": "小于多少bp的peak将被合并",
            "required": true,
            "attrs": {
                "NumberInt": {
                    "default": 73,
                    "min": 0,
                    "max": 10000,
                    "unit": 1
                }
            }
        },
        "genome": {
            "name": "基因组",
            "doc": "基因组版本",
            "required": true,
            "attrs": {
                "Select": {
                    "min": 1,
                    "max": 1,
                    "custom": true,
                    "kv": {
                        "mm10.GENECODE": "小鼠(mm10, GENECODE)"
                    }
                }
            }
        }
    }
}