{
    "name": "Download From ArrayExpress",
    "tags": [
        "Bio",
        "Data"
    ],
    "args": {
        "file_id": {
            "name": "ArrayID文件",
            "doc": "文件内为需要下载的`ArrayID`，每行一个`ArrayID`，即可以下载该ArrayID下的所有样本。如需下载特定样本，每一行的`ArrayID`后可以增加一列（利用制表符分隔开）作为样本名称(SourceName)",
            "required": true,
            "attrs": {
                "Path": {
                    "multi": false,
                    "is_dir": false
                }
            }
        }
    }
}