{
    "name": "Region Signal Profile Center",
    "tags": [
        "Bio",
        "Analysis",
        "Region"
    ],
    "args": {
        "file_bed": {
            "name": "Bed文件",
            "doc": "需要计算的region，bed文件至少为四列，为chrom/start/end/strand",
            "required": true,
            "attrs": {
                "Path": {
                    "multi": false,
                    "is_dir": false
                }
            }
        },
        "file_bws": {
            "name": "Bw文件",
            "doc": "计算的Bed文件对应的BigWig文件",
            "required": true,
            "attrs": {
                "Path": {
                    "multi": true,
                    "is_dir": false
                }
            }
        },
        "palette": {
            "name": "色轴",
            "doc": "色轴颜色",
            "required": true,
            "attrs": {
                "Select": {
                    "default": [
                        "#CE0013",
                        "#16557A",
                        "#C7A609",
                        "#87C232",
                        "#008792",
                        "#A14C94",
                        "#15A08C",
                        "#8B7E75",
                        "#1E7CAF",
                        "#46489A",
                        "#0F231F",
                        "#1187CD",
                        "#b7704f",
                        "#596032",
                        "#2570a1",
                        "#281f1d",
                        "#de773f",
                        "#525f42",
                        "#2585a6",
                        "#2f271d",
                        "#c99979",
                        "#5f5d46",
                        "#1b315e",
                        "#1d1626",
                        "#16557A",
                        "#C7A609",
                        "#87C232",
                        "#008792",
                        "#A14C94",
                        "#15A08C",
                        "#8B7E75"
                    ],
                    "min": 1,
                    "max": 100,
                    "custom": true,
                    "kv": {}
                }
            }
        },
        "extend_bp": {
            "name": "扩大BP(k)",
            "doc": "region两边各扩大多少k bp画图",
            "required": true,
            "attrs": {
                "NumberInt": {
                    "default": 5,
                    "min": 0,
                    "max": 100,
                    "unit": 1
                }
            }
        },
        "count_split": {
            "name": "画图点数",
            "doc": "region取多少个bin计算信号值",
            "required": true,
            "attrs": {
                "NumberInt": {
                    "default": 100,
                    "min": 10,
                    "max": 1000,
                    "unit": 10
                }
            }
        }
    }
}