{
    "name": "TAD Change",
    "tags": [
        "Bio",
        "Analysis",
        "HiC"
    ],
    "args": {
        "samples": {
            "name": "样本名字",
            "doc": "需要计算的样本的名字，多个样本之间两两比较",
            "required": true,
            "attrs": {
                "Select": {
                    "min": 1,
                    "max": 100,
                    "custom": true,
                    "kv": {}
                }
            }
        },
        "resolution": {
            "name": "分辨率",
            "doc": "domain文件的resolution，单位k",
            "required": true,
            "attrs": {
                "NumberInt": {
                    "default": 1000,
                    "min": 1,
                    "max": 10000,
                    "unit": 1
                }
            }
        },
        "dir_data": {
            "name": "数据文件夹",
            "doc": "HiCExplorer结果，内包含domain.bed",
            "required": true,
            "attrs": {
                "Path": {
                    "multi": true,
                    "is_dir": true
                }
            }
        },
        "domains_ext": {
            "name": "domains文件后缀",
            "doc": "domains文件后缀，如_domains.bed。整个文件的命名方式为sample_resolution_ext，如sample1_1m_domains.bed或sample2_10k_domains.bed",
            "required": true,
            "attrs": {
                "String": {
                    "default": "_domains.bed",
                    "min": 1,
                    "max": 50,
                    "multi": false
                }
            }
        }
    }
}