{
    "name": "region changes",
    "tags": [
        "Bio",
        "Analysis",
        "Region"
    ],
    "args": {
        "bin_background": {
            "name": "背景Bin大小",
            "doc": "计算背景的bin size，单位kb",
            "required": true,
            "attrs": {
                "Select": {
                    "default": [
                        "1",
                        "2",
                        "5",
                        "10"
                    ],
                    "min": 1,
                    "max": 100,
                    "custom": true,
                    "kv": {}
                }
            }
        },
        "dir_bw": {
            "name": "Bw文件夹",
            "doc": "BigWig文件所在的文件夹",
            "required": true,
            "attrs": {
                "Path": {
                    "multi": true,
                    "is_dir": true
                }
            }
        },
        "dir_peak": {
            "name": "Peak文件夹",
            "doc": "peak文件所在的文件夹",
            "required": true,
            "attrs": {
                "Path": {
                    "multi": true,
                    "is_dir": true
                }
            }
        },
        "ext_peak": {
            "name": "Peak文件后缀",
            "doc": "Peak文件后缀，比如.e5_peaks",
            "required": true,
            "attrs": {
                "String": {
                    "default": ".e5_peaks",
                    "min": 1,
                    "max": 20,
                    "multi": false
                }
            }
        },
        "file_region": {
            "name": "给定Region",
            "doc": "计算给定regions区域的变化情况",
            "required": true,
            "attrs": {
                "Path": {
                    "multi": true,
                    "is_dir": false
                }
            }
        },
        "file_meta": {
            "name": "样本meta",
            "doc": "样本metadata，里面有三列，tag，sample1_ctrl，sample1_treat，每行的tag要求唯一，将两两tag计算change",
            "required": true,
            "attrs": {
                "Path": {
                    "multi": false,
                    "is_dir": false
                }
            }
        },
        "genome": {
            "name": "基因组",
            "doc": "基因组版本",
            "required": true,
            "attrs": {
                "Select": {
                    "min": 1,
                    "max": 1,
                    "custom": true,
                    "kv": {
                        "mm10.GENECODE": "小鼠(mm10, GENECODE)"
                    }
                }
            }
        }
    }
}