{
    "name": "压缩文件夹",
    "tags": [
        "Tool"
    ],
    "args": {
        "dir_zip": {
            "name": "压缩文件夹",
            "doc": "需要压缩的文件夹数据",
            "required": true,
            "attrs": {
                "Path": {
                    "multi": true,
                    "is_dir": true
                }
            }
        },
        "link_to_file": {
            "name": "转换快捷方式",
            "doc": "是否需要将快捷方式转换为文件",
            "required": true,
            "attrs": {
                "Select": {
                    "default": [
                        "true"
                    ],
                    "min": 1,
                    "max": 1,
                    "custom": false,
                    "kv": {
                        "true": "是",
                        "false": "否"
                    }
                }
            }
        }
    }
}