{
    "name": "DEG DESeq2",
    "tags": [
        "Bio",
        "Analysis",
        "RNA-seq",
        "DEG"
    ],
    "args": {
        "file_meta": {
            "name": "样本meta",
            "doc": "样本metadata，里面有三列，sample/tag/type。sample列为样本名字，需要与counts文件内的名字对应。tag列为样本标签，标签相同的则认为是重复。type列为a或b。比如type为a的tag有tag1和tag2，type为b的tag有tag3和tag4，则最终差异基因计算结果为4种tag1_vs_tag3、tag1_vs_tag4、tag2_vs_tag3、tag2_vs_tag4",
            "required": true,
            "attrs": {
                "Path": {
                    "multi": false,
                    "is_dir": false
                }
            }
        },
        "file_counts": {
            "name": "表达矩阵",
            "doc": "所有样本的counts，每一列为一个样本。多个counts文件利用英文逗号间隔，将利用每个文件的第一列合并",
            "required": true,
            "attrs": {
                "Path": {
                    "multi": true,
                    "is_dir": false
                }
            }
        },
        "log2fc": {
            "name": "log2fc阈值",
            "doc": "log2FoldChange的阈值，绝对值大于此阈值为上下调基因",
            "required": true,
            "attrs": {
                "NumberFloat": {
                    "default": 1.0,
                    "min": 0.0,
                    "max": 100.0,
                    "unit": 0.1
                }
            }
        },
        "genome": {
            "name": "基因组",
            "doc": "基因组版本",
            "required": true,
            "attrs": {
                "Select": {
                    "min": 1,
                    "max": 1,
                    "custom": true,
                    "kv": {
                        "mm10.GENECODE": "小鼠(mm10, GENECODE)"
                    }
                }
            }
        }
    }
}