{
    "name": "Gene Enrichment",
    "tags": [
        "Bio",
        "Analysis",
        "Gene"
    ],
    "args": {
        "file_genes": {
            "name": "富集基因",
            "doc": "需要富集的基因，文件内每一行为一个基因，要求为基因symbol，可以根据输入框右边的辅助按钮选择文件",
            "required": true,
            "attrs": {
                "Path": {
                    "multi": true,
                    "is_dir": false
                }
            }
        },
        "genome": {
            "name": "基因组",
            "doc": "基因组版本",
            "required": true,
            "attrs": {
                "Select": {
                    "min": 1,
                    "max": 1,
                    "custom": true,
                    "kv": {
                        "mm10.GENECODE": "小鼠(mm10, GENECODE)"
                    }
                }
            }
        }
    }
}