{
    "name": "图片转GIF",
    "tags": [
        "Tool"
    ],
    "args": {
        "dir_img": {
            "name": "图片文件夹",
            "doc": "需要合并的图片所在的文件夹",
            "required": true,
            "attrs": {
                "Path": {
                    "multi": false,
                    "is_dir": true
                }
            }
        },
        "duration": {
            "name": "时间间隔",
            "doc": "相邻图片之前的时间间隔，单位毫秒",
            "required": true,
            "attrs": {
                "NumberInt": {
                    "default": 50,
                    "min": 1,
                    "max": 100000,
                    "unit": 1
                }
            }
        }
    }
}